TreeID,NumRipe,AvgTaste
1,2,3.5
2,7,3.7142857142857144
3,3,3.3333333333333335
4,3,3
5,4,3.25
6,1,5
7,4,2.75
8,2,3.5
9,2,3
10,1,5
11,2,3.5
12,4,3
13,2,4
14,2,4.5
15,3,3.3333333333333335
16,3,2.3333333333333335
17,2,4.5
18,3,4
